junction_id,latitude,longitude,governorate,ways_count,tier,junction_idx
J_0001,30.0453573,31.244022,Cairo,5,1,0
J_0002,30.022537,31.2303866,Cairo,5,1,1
J_0003,30.0493725,31.2466599,Cairo,4,1,2
J_0004,30.0903701,31.319976,Cairo,4,1,3
J_0005,30.0449001,31.2464579,Cairo,4,1,4
J_0006,30.073322,31.2846745,Cairo,4,1,5
J_0007,30.1086663,31.2808859,Cairo,4,1,6
J_0008,30.0979997,31.2453324,Cairo,4,1,7
J_0009,30.0905051,31.3198678,Cairo,4,1,8
J_0010,30.0512369,31.2424019,Cairo,4,1,9
J_0011,30.0247079,31.2305818,Cairo,4,1,10
J_0012,30.0288496,31.2335688,Cairo,4,1,11
J_0013,30.0571737,31.2377069,Cairo,4,1,12
J_0014,30.0181177,31.2513671,Cairo,4,1,13
J_0015,30.1010114,31.2802257,Cairo,4,1,14
J_0016,30.0876712,31.2901849,Cairo,4,1,15
J_0017,30.0347804,31.2375231,Cairo,4,1,16
J_0018,30.0506866,31.3118687,Cairo,4,1,17
J_0019,29.8506216,31.2514037,Cairo,4,1,18
J_0020,30.1772638,31.4158091,Cairo,4,1,19
J_0021,29.8509045,31.2411471,Cairo,4,1,20
J_0022,30.2326671,31.2765928,Cairo,4,1,21
J_0023,30.0181514,31.4482181,Cairo,4,1,22
J_0024,29.9748751,31.4377201,Cairo,4,1,23
J_0025,30.0935789,31.283556,Cairo,4,1,24
J_0026,30.1113377,31.3886869,Cairo,4,1,25
J_0027,30.0368138,31.3550204,Cairo,4,1,26
J_0028,30.095606,31.6346413,Cairo,4,1,27
J_0029,30.0506877,31.312045,Cairo,4,1,28
J_0030,30.0736751,31.2847849,Cairo,4,1,29
J_0031,30.0505325,31.3120403,Cairo,4,1,30
J_0032,30.0666229,31.4561735,Cairo,4,1,31
J_0033,30.1244697,31.3998304,Cairo,4,1,32
J_0034,30.0737741,31.2851554,Cairo,4,1,33
J_0035,30.063559,31.4328837,Cairo,4,1,34
J_0036,30.0020474,31.4158846,Cairo,4,1,35
J_0037,30.0505346,31.3118556,Cairo,4,1,36
J_0038,30.0903004,31.3198574,Cairo,4,1,37
J_0039,30.0640828,31.2728924,Cairo,4,1,38
J_0040,30.0753067,31.2730472,Cairo,4,1,39
J_0041,30.1342984,31.3746881,Cairo,4,1,40
J_0042,30.2030936,31.3550324,Cairo,4,1,41
J_0043,30.0904351,31.3197504,Cairo,4,1,42
J_0044,30.051121,31.246749,Cairo,4,1,43
J_0045,30.0931009,31.3379299,Cairo,3,1,44
J_0046,30.0852945,31.3242304,Cairo,3,1,45
J_0047,30.12414,31.3980161,Cairo,3,1,46
J_0048,30.1053937,31.3435566,Cairo,3,1,47
J_0049,30.0993995,31.3428578,Cairo,3,1,48
J_0050,30.0947944,31.3257428,Cairo,3,1,49
J_0051,30.0853014,31.3244893,Cairo,3,1,50
J_0052,30.0929804,31.3383412,Cairo,3,1,51
J_0053,30.1054073,31.3440652,Cairo,3,1,52
J_0054,30.1186612,31.3557008,Cairo,3,1,53
J_0055,30.0180338,31.2517122,Cairo,3,1,54
J_0056,30.1006689,31.3435346,Cairo,3,1,55
J_0057,30.0931816,31.3152888,Cairo,3,1,56
J_0058,30.0475614,31.2384661,Cairo,3,1,57
J_0059,30.047595,31.2384287,Cairo,3,1,58
J_0060,30.0461817,31.2349957,Cairo,3,1,59
J_0061,30.0501479,31.2312394,Cairo,3,1,60
J_0062,30.05244,31.2466166,Cairo,3,1,61
J_0063,30.0525462,31.2443083,Cairo,3,1,62
J_0064,30.0535014,31.2388378,Cairo,3,1,63
J_0065,30.0745426,31.2830974,Cairo,3,1,64
J_0066,30.1005145,31.3436553,Cairo,3,1,65
J_0067,30.1030443,31.3481154,Cairo,3,1,66
J_0068,30.103124,31.3478406,Cairo,3,1,67
J_0069,29.9596544,31.268841,Cairo,3,1,68
J_0070,30.0932865,31.315078,Cairo,3,1,69
J_0071,30.0848985,31.323511,Cairo,3,1,70
J_0072,30.0310012,31.2570562,Cairo,3,1,71
J_0073,30.0299467,31.2487096,Cairo,3,1,72
J_0074,30.0328229,31.2459589,Cairo,3,1,73
J_0075,30.0923338,31.3267861,Cairo,3,1,74
J_0076,30.0920244,31.3291321,Cairo,3,1,75
J_0077,30.0446904,31.3401034,Cairo,3,1,76
J_0078,30.0956662,31.3106866,Cairo,3,1,77
J_0079,30.0931594,31.3150137,Cairo,3,1,78
J_0080,30.0989925,31.30744,Cairo,3,1,79
J_0081,30.1017775,31.3058024,Cairo,3,1,80
J_0082,30.1237898,31.2431483,Cairo,3,1,81
J_0083,30.1031824,31.2559306,Cairo,3,1,82
J_0084,30.0804706,31.3593781,Cairo,3,1,83
J_0085,30.0853141,31.3475935,Cairo,3,1,84
J_0086,30.0920021,31.3441353,Cairo,3,1,85
J_0087,30.0909202,31.3484304,Cairo,3,1,86
J_0088,30.0397865,31.2503149,Cairo,3,1,87
J_0089,30.0819588,31.3401323,Cairo,3,1,88
J_0090,30.0503107,31.246977,Cairo,3,1,89
J_0091,30.045207,31.2420756,Cairo,3,1,90
J_0092,30.043059,31.239909,Cairo,3,1,91
J_0093,30.0382329,31.2437338,Cairo,3,1,92
J_0094,30.0422509,31.2438726,Cairo,3,1,93
J_0095,30.0366219,31.248082,Cairo,3,1,94
J_0096,30.0340881,31.2420139,Cairo,3,1,95
J_0097,30.0371799,31.3331647,Cairo,3,1,96
J_0098,30.0696082,31.3245893,Cairo,3,1,97
J_0099,30.05304,31.2775227,Cairo,3,1,98
J_0100,30.0625751,31.2735911,Cairo,3,1,99
J_0101,30.0702458,31.2898995,Cairo,3,1,100
J_0102,30.0702552,31.2896682,Cairo,3,1,101
J_0103,30.0644119,31.2627136,Cairo,3,1,102
J_0104,30.101631,31.331734,Cairo,3,1,103
J_0105,30.0339102,31.2559436,Cairo,3,1,104
J_0106,30.0314014,31.2579442,Cairo,3,1,105
J_0107,30.1037459,31.245818,Cairo,3,1,106
J_0108,30.0653654,31.2450051,Cairo,3,1,107
J_0109,30.0448941,31.3399961,Cairo,3,1,108
J_0110,30.0439552,31.3309993,Cairo,3,1,109
J_0111,30.0575321,31.3721771,Cairo,3,1,110
J_0112,30.047912,31.3694742,Cairo,3,1,111
J_0113,30.0485509,31.3752052,Cairo,3,1,112
J_0114,30.0379809,31.3405207,Cairo,3,1,113
J_0115,30.0695032,31.3189252,Cairo,3,1,114
J_0116,30.0669562,31.305108,Cairo,3,1,115
J_0117,29.9618375,31.3293305,Cairo,3,1,116
J_0118,29.9723613,31.2705491,Cairo,3,1,117
J_0119,30.05434,31.3463135,Cairo,3,1,118
J_0120,30.0837449,31.3516717,Cairo,3,1,119
J_0121,30.062417,31.3404744,Cairo,3,1,120
J_0122,30.0550076,31.3486599,Cairo,3,1,121
J_0123,30.0453527,31.4001554,Cairo,3,1,122
J_0124,30.0522474,31.3272459,Cairo,3,1,123
J_0125,30.0748786,31.3357492,Cairo,3,1,124
J_0126,30.2252104,31.4572623,Cairo,3,1,125
J_0127,29.9645841,31.2693009,Cairo,3,1,126
J_0128,29.9754791,31.2817851,Cairo,3,1,127
J_0129,30.0791686,31.339792,Cairo,3,1,128
J_0130,30.0534725,31.3386092,Cairo,3,1,129
J_0131,30.0899996,31.3485863,Cairo,3,1,130
J_0132,30.0522447,31.3270871,Cairo,3,1,131
J_0133,30.0436441,31.236164,Cairo,3,1,132
J_0134,30.0603476,31.2471361,Cairo,3,1,133
J_0135,30.0712386,31.2871775,Cairo,3,1,134
J_0136,30.0337584,31.2389674,Cairo,3,1,135
J_0137,30.0206477,31.2456018,Cairo,3,1,136
J_0138,30.022426,31.2440227,Cairo,3,1,137
J_0139,30.0438925,31.2701938,Cairo,3,1,138
J_0140,30.0500534,31.2801792,Cairo,3,1,139
J_0141,30.0164252,31.2610369,Cairo,3,1,140
J_0142,30.1079153,31.3223554,Cairo,3,1,141
J_0143,30.1063608,31.3238109,Cairo,3,1,142
J_0144,30.0941879,31.2560264,Cairo,3,1,143
J_0145,30.065022,31.2450121,Cairo,3,1,144
J_0146,30.0648982,31.2477977,Cairo,3,1,145
J_0147,30.0291581,31.2324253,Cairo,3,1,146
J_0148,30.0571327,31.2985681,Cairo,3,1,147
J_0149,30.0478178,31.254748,Cairo,3,1,148
J_0150,30.0480121,31.254905,Cairo,3,1,149
J_0151,30.050339,31.247104,Cairo,3,1,150
J_0152,30.0720277,31.2475109,Cairo,3,1,151
J_0153,30.0659266,31.2526032,Cairo,3,1,152
J_0154,30.079705,31.2454565,Cairo,3,1,153
J_0155,30.0798794,31.2448571,Cairo,3,1,154
J_0156,30.083863,31.2407169,Cairo,3,1,155
J_0157,30.0829271,31.2441714,Cairo,3,1,156
J_0158,30.0927736,31.2358679,Cairo,3,1,157
J_0159,30.0609079,31.2428423,Cairo,3,1,158
J_0160,30.064563,31.2445998,Cairo,3,1,159
J_0161,30.0624949,31.2610915,Cairo,3,1,160
J_0162,30.1318331,31.3380403,Cairo,3,1,161
J_0163,30.1343476,31.3494733,Cairo,3,1,162
J_0164,30.1292239,31.3464021,Cairo,3,1,163
J_0165,30.1018285,31.3069001,Cairo,3,1,164
J_0166,30.1123043,31.3114828,Cairo,3,1,165
J_0167,30.1020341,31.305914,Cairo,3,1,166
J_0168,30.111187,31.3183169,Cairo,3,1,167
J_0169,30.0618236,31.2477471,Cairo,3,1,168
J_0170,30.0228687,31.2309051,Cairo,3,1,169
J_0171,29.9605132,31.250332,Cairo,3,1,170
J_0172,29.9566679,31.2529986,Cairo,3,1,171
J_0173,29.9565071,31.2527899,Cairo,3,1,172
J_0174,29.9941905,31.2354551,Cairo,3,1,173
J_0175,30.057595,31.2414841,Cairo,3,1,174
J_0176,30.049989,31.2316229,Cairo,3,1,175
J_0177,30.0556206,31.3065478,Cairo,3,1,176
J_0178,30.0469456,31.3075885,Cairo,3,1,177
J_0179,30.0636311,31.2894957,Cairo,3,1,178
J_0180,30.1072627,31.2434176,Cairo,3,1,179
J_0181,30.106764,31.2478218,Cairo,3,1,180
J_0182,30.1049493,31.2447726,Cairo,3,1,181
J_0183,29.8529819,31.3348732,Cairo,3,1,182
J_0184,29.8589027,31.3142337,Cairo,3,1,183
J_0185,29.9578284,31.2306729,Cairo,3,1,184
J_0186,30.0192277,31.264364,Cairo,3,1,185
J_0187,30.0129605,31.2906315,Cairo,3,1,186
J_0188,30.0172449,31.2826266,Cairo,3,1,187
J_0189,30.0213934,31.2637777,Cairo,3,1,188
J_0190,30.0903334,31.3275183,Cairo,3,1,189
J_0191,30.1092979,31.3715042,Cairo,3,1,190
J_0192,30.1174208,31.3972226,Cairo,3,1,191
J_0193,30.105395,31.3020667,Cairo,3,1,192
J_0194,30.0883329,31.3016769,Cairo,3,1,193
J_0195,30.0827764,31.2977319,Cairo,3,1,194
J_0196,30.0761807,31.300712,Cairo,3,1,195
J_0197,30.1137925,31.3113199,Cairo,3,1,196
J_0198,30.1142417,31.3100106,Cairo,3,1,197
J_0199,30.0754702,31.3224225,Cairo,3,1,198
J_0200,30.0639406,31.3134547,Cairo,3,1,199
J_0201,30.0565285,31.324234,Cairo,3,1,200
J_0202,30.0565583,31.3244089,Cairo,3,1,201
J_0203,30.0309271,31.2548495,Cairo,3,1,202
J_0204,30.0322442,31.2345846,Cairo,3,1,203
J_0205,30.0287409,31.2347598,Cairo,3,1,204
J_0206,30.0529444,31.3303166,Cairo,3,1,205
J_0207,30.0586583,31.3107007,Cairo,3,1,206
J_0208,30.0573884,31.2584572,Cairo,3,1,207
J_0209,29.898954,31.2948522,Cairo,3,1,208
J_0210,30.2341466,31.2663509,Cairo,3,1,209
J_0211,30.159065,31.2814269,Cairo,3,1,210
J_0212,30.1476635,31.4035713,Cairo,3,1,211
J_0213,30.1508143,31.4043882,Cairo,3,1,212
J_0214,30.1899312,31.4144156,Cairo,3,1,213
J_0215,30.1303818,31.3717418,Cairo,3,1,214
J_0216,30.1247397,31.3155401,Cairo,3,1,215
J_0217,30.1325465,31.3170359,Cairo,3,1,216
J_0218,30.1285788,31.3087204,Cairo,3,1,217
J_0219,30.1259959,31.3166063,Cairo,3,1,218
J_0220,30.1193202,31.3173753,Cairo,3,1,219
J_0221,30.0497504,31.2311551,Cairo,3,1,220
J_0222,30.0544557,31.2786737,Cairo,3,1,221
J_0223,29.8501005,31.2305341,Cairo,3,1,222
J_0224,30.1209701,31.2975471,Cairo,3,1,223
J_0225,30.1175044,31.2918305,Cairo,3,1,224
J_0226,30.1494332,31.4740818,Cairo,3,1,225
J_0227,30.1006591,31.3760631,Cairo,3,1,226
J_0228,29.9921703,31.2602443,Cairo,3,1,227
J_0229,29.9923524,31.2662255,Cairo,3,1,228
J_0230,30.0694903,31.3191798,Cairo,3,1,229
J_0231,30.0996937,31.3058268,Cairo,3,1,230
J_0232,30.0799785,31.2838412,Cairo,3,1,231
J_0233,30.082261,31.2816741,Cairo,3,1,232
J_0234,30.0837394,31.2844526,Cairo,3,1,233
J_0235,30.0696767,31.2648294,Cairo,3,1,234
J_0236,30.0804742,31.2801023,Cairo,3,1,235
J_0237,29.9839809,31.2382282,Cairo,3,1,236
J_0238,30.0695536,31.3486662,Cairo,3,1,237
J_0239,30.0651745,31.3252168,Cairo,3,1,238
J_0240,30.0583008,31.4905093,Cairo,3,1,239
J_0241,30.0586839,31.4930345,Cairo,3,1,240
J_0242,30.0582963,31.4931515,Cairo,3,1,241
J_0243,30.0532996,31.4606846,Cairo,3,1,242
J_0244,30.1065952,31.3238875,Cairo,3,1,243
J_0245,30.1081696,31.3222717,Cairo,3,1,244
J_0246,30.0440961,31.3666589,Cairo,3,1,245
J_0247,30.0478927,31.3675123,Cairo,3,1,246
J_0248,30.0428439,31.3622055,Cairo,3,1,247
J_0249,30.0360421,31.3553627,Cairo,3,1,248
J_0250,29.9595449,31.2873599,Cairo,3,1,249
J_0251,30.086661,31.3409204,Cairo,3,1,250
J_0252,30.0874491,31.3331017,Cairo,3,1,251
J_0253,30.0922088,31.3441862,Cairo,3,1,252
J_0254,29.9780431,31.286186,Cairo,3,1,253
J_0255,29.9879167,31.3098087,Cairo,3,1,254
J_0256,30.0165141,31.4452535,Cairo,3,1,255
J_0257,29.9997697,31.4815996,Cairo,3,1,256
J_0258,30.0400829,31.5252562,Cairo,3,1,257
J_0259,30.0058024,31.4545413,Cairo,3,1,258
J_0260,30.1305565,31.3716692,Cairo,3,1,259
J_0261,30.058399,31.3023755,Cairo,3,1,260
J_0262,30.0598842,31.2441883,Cairo,3,1,261
J_0263,30.0652386,31.2444734,Cairo,3,1,262
J_0264,30.0547539,31.4777792,Cairo,3,1,263
J_0265,30.0709496,31.4523674,Cairo,3,1,264
J_0266,30.0708492,31.4523311,Cairo,3,1,265
J_0267,30.0678042,31.4511081,Cairo,3,1,266
J_0268,30.0677209,31.4510306,Cairo,3,1,267
J_0269,30.0376184,31.495522,Cairo,3,1,268
J_0270,30.0439512,31.5240556,Cairo,3,1,269
J_0271,30.0307543,31.2524133,Cairo,3,1,270
J_0272,29.8754598,31.3168295,Cairo,3,1,271
J_0273,30.1700043,31.4475205,Cairo,3,1,272
J_0274,30.1692933,31.4592235,Cairo,3,1,273
J_0275,30.1421197,31.4565511,Cairo,3,1,274
J_0276,30.1380021,31.3414075,Cairo,3,1,275
J_0277,29.8534651,31.3321656,Cairo,3,1,276
J_0278,29.8708535,31.3188055,Cairo,3,1,277
J_0279,29.8642428,31.3219289,Cairo,3,1,278
J_0280,30.1242375,31.4965872,Cairo,3,1,279
J_0281,30.1641744,31.494752,Cairo,3,1,280
J_0282,30.109182,31.545567,Cairo,3,1,281
J_0283,30.1462366,31.5503759,Cairo,3,1,282
J_0284,30.1363626,31.5733803,Cairo,3,1,283
J_0285,30.1090619,31.5456124,Cairo,3,1,284
J_0286,30.120002,31.4988381,Cairo,3,1,285
J_0287,30.03998,31.5251082,Cairo,3,1,286
J_0288,30.0963683,31.2619287,Cairo,3,1,287
J_0289,30.0532643,31.5325352,Cairo,3,1,288
J_0290,30.0843109,31.3274702,Cairo,3,1,289
J_0291,30.1043961,31.254342,Cairo,3,1,290
J_0292,30.0842283,31.2382735,Cairo,3,1,291
J_0293,30.0848783,31.3237401,Cairo,3,1,292
J_0294,30.0863342,31.322042,Cairo,3,1,293
J_0295,30.086264,31.3219487,Cairo,3,1,294
J_0296,30.0844053,31.3274098,Cairo,3,1,295
J_0297,30.0588122,31.3031569,Cairo,3,1,296
J_0298,30.1279121,31.2965907,Cairo,3,1,297
J_0299,30.0819304,31.2991932,Cairo,3,1,298
J_0300,30.0873243,31.3329746,Cairo,3,1,299
J_0301,30.1388327,31.396959,Cairo,3,1,300
J_0302,30.1081606,31.3265345,Cairo,3,1,301
J_0303,30.1422239,31.2733363,Cairo,3,1,302
J_0304,30.0455355,31.2670194,Cairo,3,1,303
J_0305,30.0467884,31.2716047,Cairo,3,1,304
J_0306,30.0480439,31.2732965,Cairo,3,1,305
J_0307,30.0470966,31.2587186,Cairo,3,1,306
J_0308,30.0511432,31.246985,Cairo,3,1,307
J_0309,30.0422637,31.231505,Cairo,3,1,308
J_0310,30.1142999,31.397538,Cairo,3,1,309
J_0311,30.1677556,31.4592091,Cairo,3,1,310
J_0312,30.0292007,31.2310135,Cairo,3,1,311
J_0313,30.0392789,31.2388334,Cairo,3,1,312
J_0314,30.0206991,31.2428418,Cairo,3,1,313
J_0315,30.0347667,31.2675867,Cairo,3,1,314
J_0316,30.0765063,31.3092572,Cairo,3,1,315
J_0317,30.0780037,31.3196839,Cairo,3,1,316
J_0318,30.1775678,31.5998431,Cairo,3,1,317
J_0319,30.169078,31.6019087,Cairo,3,1,318
J_0320,30.1775975,31.6000183,Cairo,3,1,319
J_0321,29.8971956,31.2460565,Cairo,3,1,320
J_0322,29.8825776,31.2726561,Cairo,3,1,321
J_0323,29.8916423,31.2705378,Cairo,3,1,322
J_0324,29.8735762,31.24702,Cairo,3,1,323
J_0325,30.1062988,31.3104866,Cairo,3,1,324
J_0326,29.9777647,31.2839958,Cairo,3,1,325
J_0327,30.0344466,31.2390698,Cairo,3,1,326
J_0328,29.9874111,31.2725171,Cairo,3,1,327
J_0329,30.0511184,31.2465372,Cairo,3,1,328
J_0330,30.025931,31.2622471,Cairo,3,1,329
J_0331,30.1045959,31.2566187,Cairo,3,1,330
J_0332,30.1078053,31.2574044,Cairo,3,1,331
J_0333,30.1521394,31.328599,Cairo,3,1,332
J_0334,30.1630171,31.3927868,Cairo,3,1,333
J_0335,30.0029279,31.4656933,Cairo,3,1,334
J_0336,30.0110159,31.4554239,Cairo,3,1,335
J_0337,30.2333413,31.2660203,Cairo,3,1,336
J_0338,30.1634794,31.6344425,Cairo,3,1,337
J_0339,30.1771812,31.6403467,Cairo,3,1,338
J_0340,30.1044755,31.3217378,Cairo,3,1,339
J_0341,30.1122565,31.3158596,Cairo,3,1,340
J_0342,30.1111064,31.3182591,Cairo,3,1,341
J_0343,30.06079,31.5027521,Cairo,3,1,342
J_0344,29.927525,31.5464163,Cairo,3,1,343
J_0345,29.9269712,31.5462206,Cairo,3,1,344
J_0346,29.9248271,31.5443812,Cairo,3,1,345
J_0347,29.9256673,31.5452699,Cairo,3,1,346
J_0348,30.0264011,31.442476,Cairo,3,1,347
J_0349,30.1705173,31.4596899,Cairo,3,1,348
J_0350,30.1702146,31.4752425,Cairo,3,1,349
J_0701,30.0284624,31.2158045,Giza,4,2,350
J_0702,30.0859926,31.2238672,Giza,4,2,351
J_0703,30.0751128,31.2221535,Giza,4,2,352
J_0704,29.9709627,31.1779976,Giza,4,2,353
J_0705,30.0947336,31.204047,Giza,4,2,354
J_0706,30.0303784,31.2124076,Giza,4,2,355
J_0707,30.2255417,31.1580214,Giza,4,2,356
J_0708,30.1857095,31.1412635,Giza,4,2,357
J_0709,29.9797571,31.1762194,Giza,4,2,358
J_0710,30.0826705,31.1932178,Giza,4,2,359
J_0711,29.9580741,31.2128576,Giza,4,2,360
J_0712,30.1775641,31.1173004,Giza,4,2,361
J_0713,29.9699586,31.2083658,Giza,4,2,362
J_0714,30.0605584,31.2084788,Giza,3,2,363
J_0715,30.069361,31.1964811,Giza,3,2,364
J_0716,30.0496546,31.2265623,Giza,3,2,365
J_0717,30.2236907,31.2181556,Giza,3,2,366
J_0718,30.0750713,31.2223698,Giza,3,2,367
J_0719,30.0258765,31.2164681,Giza,3,2,368
J_0720,29.9889805,31.1284802,Giza,3,2,369
J_0721,30.0280993,31.2039144,Giza,3,2,370
J_0722,30.0860829,31.2217956,Giza,3,2,371
J_0723,30.0770581,31.221011,Giza,3,2,372
J_0724,30.0771228,31.2209324,Giza,3,2,373
J_0725,30.0751731,31.2222634,Giza,3,2,374
J_0726,30.0909386,31.2194154,Giza,3,2,375
J_0727,29.9779967,31.191532,Giza,3,2,376
J_0728,29.9814233,31.1902657,Giza,3,2,377
J_0729,30.0307019,31.2296573,Giza,3,2,378
J_0730,30.0182312,31.2281077,Giza,3,2,379
J_0731,30.0243223,31.229478,Giza,3,2,380
J_0732,30.1819881,31.1714356,Giza,3,2,381
J_0733,30.030285,31.2125853,Giza,3,2,382
J_0734,30.0304196,31.2125539,Giza,3,2,383
J_0735,30.0361178,31.2116701,Giza,3,2,384
J_0736,30.0133685,31.2224505,Giza,3,2,385
J_0737,30.0469051,31.2115593,Giza,3,2,386
J_0738,30.0280256,31.2040116,Giza,3,2,387
J_0739,29.9307684,31.0419164,Giza,3,2,388
J_0740,29.9815171,31.2109801,Giza,3,2,389
J_0741,29.9398708,31.1953555,Giza,3,2,390
J_0742,29.9815934,31.2122166,Giza,3,2,391
J_0743,30.0506941,31.1697632,Giza,3,2,392
J_0744,30.2282756,31.1497787,Giza,3,2,393
J_0745,30.2418635,31.1562656,Giza,3,2,394
J_0746,30.1997017,31.1350932,Giza,3,2,395
J_0747,30.2091216,31.1450456,Giza,3,2,396
J_0748,30.1946605,31.1263174,Giza,3,2,397
J_0749,30.0258789,31.2165551,Giza,3,2,398
J_0750,29.9756439,31.2165217,Giza,3,2,399
J_0751,30.0001035,31.2142811,Giza,3,2,400
J_0752,30.0191586,31.2038565,Giza,3,2,401
J_0753,30.0144297,31.2097604,Giza,3,2,402
J_0754,29.999158,31.1673565,Giza,3,2,403
J_0755,30.0400029,31.1718128,Giza,3,2,404
J_0756,30.0192714,31.1679566,Giza,3,2,405
J_0757,30.015053,31.2041571,Giza,3,2,406
J_0758,30.0826149,31.1932503,Giza,3,2,407
J_0759,30.0738551,31.1600437,Giza,3,2,408
J_0760,30.0223894,31.1676605,Giza,3,2,409
J_0761,30.087251,31.2201014,Giza,3,2,410
J_0762,30.087495,31.2246808,Giza,3,2,411
J_0763,29.8640764,31.2281053,Giza,3,2,412
J_0764,30.1796813,31.0993671,Giza,3,2,413
J_0765,30.1778028,31.0856724,Giza,3,2,414
J_0766,30.030951,31.167419,Giza,3,2,415
J_0767,30.029485,31.1770647,Giza,3,2,416
J_0768,30.0302602,31.2163668,Giza,3,2,417
J_0769,30.0166773,31.2038698,Giza,3,2,418
J_0770,30.0302449,31.2124334,Giza,3,2,419
J_0771,30.0186785,31.2039295,Giza,3,2,420
J_0772,30.0136611,31.2089395,Giza,3,2,421
J_0773,30.0521917,31.218614,Giza,3,2,422
J_0774,29.9390972,31.1946974,Giza,3,2,423
J_0775,29.9369591,31.1931567,Giza,3,2,424
J_0776,29.9336621,31.1874098,Giza,3,2,425
J_0777,29.9737807,31.0036854,Giza,3,2,426
J_0778,30.050657,31.0469295,Giza,3,2,427
J_0779,30.0349987,31.1892203,Giza,3,2,428
J_0780,30.0303272,31.1867758,Giza,3,2,429
J_0781,30.0585648,31.2009488,Giza,3,2,430
J_0782,30.0526566,31.1953046,Giza,3,2,431
J_0783,29.9839926,31.1455219,Giza,3,2,432
J_0784,29.9838869,31.1457524,Giza,3,2,433
J_0785,29.8956606,31.2276093,Giza,3,2,434
J_0786,30.0577192,31.2255906,Giza,3,2,435
J_0787,30.0623947,31.2144015,Giza,3,2,436
J_0788,30.0188659,31.2227519,Giza,3,2,437
J_0789,30.0396079,31.220251,Giza,3,2,438
J_0790,30.0358649,31.2116266,Giza,3,2,439
J_0791,30.0231401,31.0765645,Giza,3,2,440
J_0792,29.9879102,31.1489467,Giza,3,2,441
J_0793,29.9880008,31.1490202,Giza,3,2,442
J_0794,30.0097103,31.2249959,Giza,3,2,443
J_0795,30.0134576,31.2270608,Giza,3,2,444
J_0796,30.0279038,31.2242746,Giza,3,2,445
J_0797,30.0336739,31.2269403,Giza,3,2,446
J_0798,30.0608705,31.2037653,Giza,3,2,447
J_0799,30.2187645,31.1895038,Giza,3,2,448
J_0800,30.013142,31.1637483,Giza,3,2,449
J_0801,29.9582984,31.0577609,Giza,3,2,450
J_0802,29.9581371,31.058269,Giza,3,2,451
J_0803,30.1060053,31.2031218,Giza,3,2,452
J_0804,30.1062686,31.2013033,Giza,3,2,453
J_0805,29.9809861,31.109522,Giza,3,2,454
J_0806,29.9781853,31.1116095,Giza,3,2,455
J_0807,29.9759833,31.0917673,Giza,3,2,456
J_0808,29.9783658,31.0993711,Giza,3,2,457
J_0809,30.0295191,31.1771897,Giza,3,2,458
J_0810,29.9852468,31.1352583,Giza,3,2,459
